"EmpNo";"FirstName";"LastName";"DOB"
7583;"Joseph";"JOHNSON";"26/10/1976"
7859;"Daniele";"Wilson";"16/07/1990"
1574;"Mattia";"Jones";"08/10/1971"
3030;"Thomas";"Brown";"29/01/1980"
2961;"Mattia";"Miller";"12/07/1992"
1649;"Debora";"Smith";"25/09/1983"
9448;"Debora";"Williams";"28/10/1991"
6158;"William";"Wilson";"06/11/1974"
5904;"Jack";"Wilson";"22/09/1980"
7454;"Thomas";"Miller";"05/08/1983"
8144;"Thomas";"Brown";"10/02/1978"
9829;"Thomas";"Wilson";"28/12/1971"
1534;"James";"Smith";"24/03/1989"
4730;"Daniele";"Williams";"04/06/1984"
8400;"Thomas";"Jones";"14/12/1985"
1324;"Jack";"Williams";"18/05/1971"
5252;"Joseph";"Smith";"30/11/1970"
5882;"Mattia";"Anderson";"17/09/1970"
4825;"Debora";"JOHNSON";"21/07/1988"
3969;"Debora";"Williams";"04/08/1989"
